individu,LD1,LD2,v=LD1-LD2,source_file,source_page,table_name
83,29,28,1,source/course/Les 2/20260529_ottoy_Confidence Intervals - Further Reading (Dutch).pdf,18,"Paarsgewijze schoenzool-experiment: ruwe data (10 jongens, LD1, LD2 en verschil v)"
32,30,30,0,source/course/Les 2/20260529_ottoy_Confidence Intervals - Further Reading (Dutch).pdf,18,"Paarsgewijze schoenzool-experiment: ruwe data (10 jongens, LD1, LD2 en verschil v)"
95,34,38,-4,source/course/Les 2/20260529_ottoy_Confidence Intervals - Further Reading (Dutch).pdf,18,"Paarsgewijze schoenzool-experiment: ruwe data (10 jongens, LD1, LD2 en verschil v)"
64,32,35,-3,source/course/Les 2/20260529_ottoy_Confidence Intervals - Further Reading (Dutch).pdf,18,"Paarsgewijze schoenzool-experiment: ruwe data (10 jongens, LD1, LD2 en verschil v)"
47,32,34,-2,source/course/Les 2/20260529_ottoy_Confidence Intervals - Further Reading (Dutch).pdf,18,"Paarsgewijze schoenzool-experiment: ruwe data (10 jongens, LD1, LD2 en verschil v)"
71,25,30,-5,source/course/Les 2/20260529_ottoy_Confidence Intervals - Further Reading (Dutch).pdf,18,"Paarsgewijze schoenzool-experiment: ruwe data (10 jongens, LD1, LD2 en verschil v)"
38,25,30,-5,source/course/Les 2/20260529_ottoy_Confidence Intervals - Further Reading (Dutch).pdf,18,"Paarsgewijze schoenzool-experiment: ruwe data (10 jongens, LD1, LD2 en verschil v)"
90,27,30,-3,source/course/Les 2/20260529_ottoy_Confidence Intervals - Further Reading (Dutch).pdf,18,"Paarsgewijze schoenzool-experiment: ruwe data (10 jongens, LD1, LD2 en verschil v)"
96,36,42,-6,source/course/Les 2/20260529_ottoy_Confidence Intervals - Further Reading (Dutch).pdf,18,"Paarsgewijze schoenzool-experiment: ruwe data (10 jongens, LD1, LD2 en verschil v)"
56,17,23,-6,source/course/Les 2/20260529_ottoy_Confidence Intervals - Further Reading (Dutch).pdf,18,"Paarsgewijze schoenzool-experiment: ruwe data (10 jongens, LD1, LD2 en verschil v)"
