Observation,Yield Y,Temp T,Ratio R,source_file,source_page,table_name
1,49.0,1300,7.5,source/course/Les 3/20260605_de vuyst_BB_Regression.pdf,58,Table 6-9 The Acetylene Data
2,50.2,1300,9.0,source/course/Les 3/20260605_de vuyst_BB_Regression.pdf,58,Table 6-9 The Acetylene Data
3,50.5,1300,11.0,source/course/Les 3/20260605_de vuyst_BB_Regression.pdf,58,Table 6-9 The Acetylene Data
4,48.5,1300,13.5,source/course/Les 3/20260605_de vuyst_BB_Regression.pdf,58,Table 6-9 The Acetylene Data
5,47.5,1300,17.0,source/course/Les 3/20260605_de vuyst_BB_Regression.pdf,58,Table 6-9 The Acetylene Data
6,44.5,1300,23.0,source/course/Les 3/20260605_de vuyst_BB_Regression.pdf,58,Table 6-9 The Acetylene Data
7,28.0,1200,5.3,source/course/Les 3/20260605_de vuyst_BB_Regression.pdf,58,Table 6-9 The Acetylene Data
8,31.5,1200,7.5,source/course/Les 3/20260605_de vuyst_BB_Regression.pdf,58,Table 6-9 The Acetylene Data
9,34.5,1200,11.0,source/course/Les 3/20260605_de vuyst_BB_Regression.pdf,58,Table 6-9 The Acetylene Data
10,35.0,1200,13.5,source/course/Les 3/20260605_de vuyst_BB_Regression.pdf,58,Table 6-9 The Acetylene Data
11,38.0,1200,17.0,source/course/Les 3/20260605_de vuyst_BB_Regression.pdf,58,Table 6-9 The Acetylene Data
12,38.5,1200,23.0,source/course/Les 3/20260605_de vuyst_BB_Regression.pdf,58,Table 6-9 The Acetylene Data
13,15.0,1100,5.3,source/course/Les 3/20260605_de vuyst_BB_Regression.pdf,58,Table 6-9 The Acetylene Data
14,17.0,1100,7.5,source/course/Les 3/20260605_de vuyst_BB_Regression.pdf,58,Table 6-9 The Acetylene Data
15,20.5,1100,11.0,source/course/Les 3/20260605_de vuyst_BB_Regression.pdf,58,Table 6-9 The Acetylene Data
16,29.5,1100,17.0,source/course/Les 3/20260605_de vuyst_BB_Regression.pdf,58,Table 6-9 The Acetylene Data
