Item,Step 1,Step 2,Step 3,Step 4,source_file,source_page,table_name
Constant,76.00,89.45,89.81,86.14,source/course/Les 3/20260605_de vuyst_BB_Regression.pdf,65,Table 6-12 Stepwise Regression Forward Selection for Shampoo Data (Alpha-to-Enter: 0.25)
Foam,1.54,1.90,1.82,1.87,source/course/Les 3/20260605_de vuyst_BB_Regression.pdf,65,Table 6-12 Stepwise Regression Forward Selection for Shampoo Data (Alpha-to-Enter: 0.25)
Foam T-Value,2.80,4.61,5.58,5.86,source/course/Les 3/20260605_de vuyst_BB_Regression.pdf,65,Table 6-12 Stepwise Regression Forward Selection for Shampoo Data (Alpha-to-Enter: 0.25)
Foam P-Value,0.010,0.000,0.000,0.000,source/course/Les 3/20260605_de vuyst_BB_Regression.pdf,65,Table 6-12 Stepwise Regression Forward Selection for Shampoo Data (Alpha-to-Enter: 0.25)
Residue,,-3.82,-3.38,-3.93,source/course/Les 3/20260605_de vuyst_BB_Regression.pdf,65,Table 6-12 Stepwise Regression Forward Selection for Shampoo Data (Alpha-to-Enter: 0.25)
Residue T-Value,,-4.47,-4.93,-5.15,source/course/Les 3/20260605_de vuyst_BB_Regression.pdf,65,Table 6-12 Stepwise Regression Forward Selection for Shampoo Data (Alpha-to-Enter: 0.25)
Residue P-Value,,0.000,0.000,0.000,source/course/Les 3/20260605_de vuyst_BB_Regression.pdf,65,Table 6-12 Stepwise Regression Forward Selection for Shampoo Data (Alpha-to-Enter: 0.25)
Region,,,-3.41,-3.71,source/course/Les 3/20260605_de vuyst_BB_Regression.pdf,65,Table 6-12 Stepwise Regression Forward Selection for Shampoo Data (Alpha-to-Enter: 0.25)
Region T-Value,,,-3.70,-4.05,source/course/Les 3/20260605_de vuyst_BB_Regression.pdf,65,Table 6-12 Stepwise Regression Forward Selection for Shampoo Data (Alpha-to-Enter: 0.25)
Region P-Value,,,0.001,0.001,source/course/Les 3/20260605_de vuyst_BB_Regression.pdf,65,Table 6-12 Stepwise Regression Forward Selection for Shampoo Data (Alpha-to-Enter: 0.25)
Scent,,,,1.18,source/course/Les 3/20260605_de vuyst_BB_Regression.pdf,65,Table 6-12 Stepwise Regression Forward Selection for Shampoo Data (Alpha-to-Enter: 0.25)
Scent T-Value,,,,1.48,source/course/Les 3/20260605_de vuyst_BB_Regression.pdf,65,Table 6-12 Stepwise Regression Forward Selection for Shampoo Data (Alpha-to-Enter: 0.25)
Scent P-Value,,,,0.155,source/course/Les 3/20260605_de vuyst_BB_Regression.pdf,65,Table 6-12 Stepwise Regression Forward Selection for Shampoo Data (Alpha-to-Enter: 0.25)
S,3.83,2.81,2.22,2.15,source/course/Les 3/20260605_de vuyst_BB_Regression.pdf,65,Table 6-12 Stepwise Regression Forward Selection for Shampoo Data (Alpha-to-Enter: 0.25)
R-Sq,26.24,62.17,77.57,79.89,source/course/Les 3/20260605_de vuyst_BB_Regression.pdf,65,Table 6-12 Stepwise Regression Forward Selection for Shampoo Data (Alpha-to-Enter: 0.25)
R-Sq(adj),22.89,58.57,74.20,75.65,source/course/Les 3/20260605_de vuyst_BB_Regression.pdf,65,Table 6-12 Stepwise Regression Forward Selection for Shampoo Data (Alpha-to-Enter: 0.25)
Mallows C-p,46.4,16.1,4.2,4.1,source/course/Les 3/20260605_de vuyst_BB_Regression.pdf,65,Table 6-12 Stepwise Regression Forward Selection for Shampoo Data (Alpha-to-Enter: 0.25)
