Vars,R-Sq,R-Sq(adj),Mallows C-p,S,"Predictors marked X (Foam, Scent, Color, Residue, Region)",source_file,source_page,table_name
1,26.2,22.9,46.4,3.8321,Foam,source/course/Les 3/20260605_de vuyst_BB_Regression.pdf,63,Table 6-10 Minitab Best Subsets Regression for Shampoo Data (Response is Quality)
1,25.7,22.3,46.9,3.8455,Region,source/course/Les 3/20260605_de vuyst_BB_Regression.pdf,63,Table 6-10 Minitab Best Subsets Regression for Shampoo Data (Response is Quality)
1,23.9,20.5,48.5,3.8915,Residue,source/course/Les 3/20260605_de vuyst_BB_Regression.pdf,63,Table 6-10 Minitab Best Subsets Regression for Shampoo Data (Response is Quality)
1,6.3,2.1,64.3,4.3184,Scent,source/course/Les 3/20260605_de vuyst_BB_Regression.pdf,63,Table 6-10 Minitab Best Subsets Regression for Shampoo Data (Response is Quality)
1,3.8,0.0,66.7,4.3773,Color,source/course/Les 3/20260605_de vuyst_BB_Regression.pdf,63,Table 6-10 Minitab Best Subsets Regression for Shampoo Data (Response is Quality)
2,62.2,58.6,16.1,2.8088,"Foam, Residue",source/course/Les 3/20260605_de vuyst_BB_Regression.pdf,63,Table 6-10 Minitab Best Subsets Regression for Shampoo Data (Response is Quality)
2,50.3,45.6,26.7,3.2185,"Foam, Region",source/course/Les 3/20260605_de vuyst_BB_Regression.pdf,63,Table 6-10 Minitab Best Subsets Regression for Shampoo Data (Response is Quality)
2,42.6,37.2,33.6,3.4589,"Residue, Region",source/course/Les 3/20260605_de vuyst_BB_Regression.pdf,63,Table 6-10 Minitab Best Subsets Regression for Shampoo Data (Response is Quality)
2,40.9,35.3,35.2,3.5098,"Foam, Color",source/course/Les 3/20260605_de vuyst_BB_Regression.pdf,63,Table 6-10 Minitab Best Subsets Regression for Shampoo Data (Response is Quality)
2,32.6,26.2,42.7,3.7486,"Foam, Scent",source/course/Les 3/20260605_de vuyst_BB_Regression.pdf,63,Table 6-10 Minitab Best Subsets Regression for Shampoo Data (Response is Quality)
3,77.6,74.2,4.2,2.2164,"Foam, Residue, Region",source/course/Les 3/20260605_de vuyst_BB_Regression.pdf,63,Table 6-10 Minitab Best Subsets Regression for Shampoo Data (Response is Quality)
3,63.1,57.6,17.2,2.8411,"Foam, Scent, Residue",source/course/Les 3/20260605_de vuyst_BB_Regression.pdf,63,Table 6-10 Minitab Best Subsets Regression for Shampoo Data (Response is Quality)
3,62.5,56.9,17.7,2.8641,"Foam, Scent, Region",source/course/Les 3/20260605_de vuyst_BB_Regression.pdf,63,Table 6-10 Minitab Best Subsets Regression for Shampoo Data (Response is Quality)
3,52.9,45.9,26.4,3.2107,"Foam, Color, Region",source/course/Les 3/20260605_de vuyst_BB_Regression.pdf,63,Table 6-10 Minitab Best Subsets Regression for Shampoo Data (Response is Quality)
3,51.8,44.6,27.4,3.2491,"Foam, Scent, Color",source/course/Les 3/20260605_de vuyst_BB_Regression.pdf,63,Table 6-10 Minitab Best Subsets Regression for Shampoo Data (Response is Quality)
4,79.9,75.7,4.1,2.1532,"Foam, Scent, Residue, Region",source/course/Les 3/20260605_de vuyst_BB_Regression.pdf,63,Table 6-10 Minitab Best Subsets Regression for Shampoo Data (Response is Quality)
4,78.6,74.1,5.3,2.2205,"Foam, Color, Residue, Region",source/course/Les 3/20260605_de vuyst_BB_Regression.pdf,63,Table 6-10 Minitab Best Subsets Regression for Shampoo Data (Response is Quality)
4,64.8,57.4,17.7,2.8487,"Foam, Scent, Color, Residue",source/course/Les 3/20260605_de vuyst_BB_Regression.pdf,63,Table 6-10 Minitab Best Subsets Regression for Shampoo Data (Response is Quality)
4,53.0,43.1,28.3,3.2907,"Foam, Scent, Color, Region",source/course/Les 3/20260605_de vuyst_BB_Regression.pdf,63,Table 6-10 Minitab Best Subsets Regression for Shampoo Data (Response is Quality)
4,51.4,41.2,29.7,3.3460,"Scent, Color, Residue, Region",source/course/Les 3/20260605_de vuyst_BB_Regression.pdf,63,Table 6-10 Minitab Best Subsets Regression for Shampoo Data (Response is Quality)
5,80.0,74.5,6.0,2.2056,"Foam, Scent, Color, Residue, Region",source/course/Les 3/20260605_de vuyst_BB_Regression.pdf,63,Table 6-10 Minitab Best Subsets Regression for Shampoo Data (Response is Quality)
