Number of factors k,Fraction,Number of Runs,Design Generators,source_file,source_page,table_name
3,2^3-1_III,4,C = +-AB,source/course/Les 3/20260605_de vuyst_BB_DOE.pdf,93,"Table 13.23 Selected 2^(k-p) Fractional Factorial Designs (from Design and Analysis of Experiments, 6th ed., Montgomery, Wiley 2005)"
4,2^4-1_IV,8,D = +-ABC,source/course/Les 3/20260605_de vuyst_BB_DOE.pdf,93,"Table 13.23 Selected 2^(k-p) Fractional Factorial Designs (from Design and Analysis of Experiments, 6th ed., Montgomery, Wiley 2005)"
5,2^5-1_V,16,E = +-ABCD,source/course/Les 3/20260605_de vuyst_BB_DOE.pdf,93,"Table 13.23 Selected 2^(k-p) Fractional Factorial Designs (from Design and Analysis of Experiments, 6th ed., Montgomery, Wiley 2005)"
5,2^5-2_III,8,D = +-AB; E = +-AC,source/course/Les 3/20260605_de vuyst_BB_DOE.pdf,93,"Table 13.23 Selected 2^(k-p) Fractional Factorial Designs (from Design and Analysis of Experiments, 6th ed., Montgomery, Wiley 2005)"
6,2^6-1_VI,32,F = +-ABCDE,source/course/Les 3/20260605_de vuyst_BB_DOE.pdf,93,"Table 13.23 Selected 2^(k-p) Fractional Factorial Designs (from Design and Analysis of Experiments, 6th ed., Montgomery, Wiley 2005)"
6,2^6-2_IV,16,E = +-ABC; F = +-BCD,source/course/Les 3/20260605_de vuyst_BB_DOE.pdf,93,"Table 13.23 Selected 2^(k-p) Fractional Factorial Designs (from Design and Analysis of Experiments, 6th ed., Montgomery, Wiley 2005)"
6,2^6-3_III,8,D = +-AB; E = +-AC; F = +-BC,source/course/Les 3/20260605_de vuyst_BB_DOE.pdf,93,"Table 13.23 Selected 2^(k-p) Fractional Factorial Designs (from Design and Analysis of Experiments, 6th ed., Montgomery, Wiley 2005)"
7,2^7-1_VIII,64,G = +-ABCDEF,source/course/Les 3/20260605_de vuyst_BB_DOE.pdf,93,"Table 13.23 Selected 2^(k-p) Fractional Factorial Designs (from Design and Analysis of Experiments, 6th ed., Montgomery, Wiley 2005)"
7,2^7-2_IV,32,F = +-ABCD; G = +-ABDE,source/course/Les 3/20260605_de vuyst_BB_DOE.pdf,93,"Table 13.23 Selected 2^(k-p) Fractional Factorial Designs (from Design and Analysis of Experiments, 6th ed., Montgomery, Wiley 2005)"
7,2^7-3_IV,16,E = +-ABC; F = +-BCD; G = +-ACD,source/course/Les 3/20260605_de vuyst_BB_DOE.pdf,93,"Table 13.23 Selected 2^(k-p) Fractional Factorial Designs (from Design and Analysis of Experiments, 6th ed., Montgomery, Wiley 2005)"
7,2^7-4_III,8,D = +-AB; E = +-AC; F = +-BC; G = +-ABC,source/course/Les 3/20260605_de vuyst_BB_DOE.pdf,93,"Table 13.23 Selected 2^(k-p) Fractional Factorial Designs (from Design and Analysis of Experiments, 6th ed., Montgomery, Wiley 2005)"
8,2^8-2_V,64,G = +-ABCD; H = +-ABEF,source/course/Les 3/20260605_de vuyst_BB_DOE.pdf,93,"Table 13.23 Selected 2^(k-p) Fractional Factorial Designs (from Design and Analysis of Experiments, 6th ed., Montgomery, Wiley 2005)"
8,2^8-3_IV,32,F = +-ABC; G = +-ABD; H = +-BCDE,source/course/Les 3/20260605_de vuyst_BB_DOE.pdf,93,"Table 13.23 Selected 2^(k-p) Fractional Factorial Designs (from Design and Analysis of Experiments, 6th ed., Montgomery, Wiley 2005)"
8,2^8-4_IV,16,E = +-BCD; F = +-ACD; G = +-ABC; H = +-ABD,source/course/Les 3/20260605_de vuyst_BB_DOE.pdf,93,"Table 13.23 Selected 2^(k-p) Fractional Factorial Designs (from Design and Analysis of Experiments, 6th ed., Montgomery, Wiley 2005)"
9,2^9-2_VI,128,H = +-ACDFG; J = +-BCEFG,source/course/Les 3/20260605_de vuyst_BB_DOE.pdf,93,"Table 13.23 Selected 2^(k-p) Fractional Factorial Designs (from Design and Analysis of Experiments, 6th ed., Montgomery, Wiley 2005)"
9,2^9-3_IV,64,G = +-ABCD; H = +-ACEF; J = +-CDEF,source/course/Les 3/20260605_de vuyst_BB_DOE.pdf,93,"Table 13.23 Selected 2^(k-p) Fractional Factorial Designs (from Design and Analysis of Experiments, 6th ed., Montgomery, Wiley 2005)"
9,2^9-4_IV,32,F = +-BCDE; G = +-ACDE; H = +-ABDE; J = +-ABCE,source/course/Les 3/20260605_de vuyst_BB_DOE.pdf,93,"Table 13.23 Selected 2^(k-p) Fractional Factorial Designs (from Design and Analysis of Experiments, 6th ed., Montgomery, Wiley 2005)"
9,2^9-5_III,16,E = +-ABC; F = +-BCD; G = +-ACD; H = +-ABD; J = +-ABCD,source/course/Les 3/20260605_de vuyst_BB_DOE.pdf,93,"Table 13.23 Selected 2^(k-p) Fractional Factorial Designs (from Design and Analysis of Experiments, 6th ed., Montgomery, Wiley 2005)"
10,2^10-3_V,128,H = +-ABCG; J = +-BCDE; K = +-ACDF,source/course/Les 3/20260605_de vuyst_BB_DOE.pdf,93,"Table 13.23 Selected 2^(k-p) Fractional Factorial Designs (from Design and Analysis of Experiments, 6th ed., Montgomery, Wiley 2005)"
10,2^10-4_IV,64,G = +-BCDF; H = +-ACDF; J = +-ABDE; K = +-ABCE,source/course/Les 3/20260605_de vuyst_BB_DOE.pdf,93,"Table 13.23 Selected 2^(k-p) Fractional Factorial Designs (from Design and Analysis of Experiments, 6th ed., Montgomery, Wiley 2005)"
10,2^10-5_IV,32,F = +-ABCD; G = +-ABCE; H = +-ABDE; J = +-ACDE; K = +-BCDE,source/course/Les 3/20260605_de vuyst_BB_DOE.pdf,93,"Table 13.23 Selected 2^(k-p) Fractional Factorial Designs (from Design and Analysis of Experiments, 6th ed., Montgomery, Wiley 2005)"
10,2^10-6_III,16,E = +-ABC; F = +-BCD; G = +-ACD; H = +-ABD,source/course/Les 3/20260605_de vuyst_BB_DOE.pdf,93,"Table 13.23 Selected 2^(k-p) Fractional Factorial Designs (from Design and Analysis of Experiments, 6th ed., Montgomery, Wiley 2005)"
