Observation Number,Hydrocarbon Level x (%),Purity y (%),source_file,source_page,table_name
1,0.99,90.01,source/course/Les 3/20260605_de vuyst_BB_Regression.pdf,2,Table 11-1 Oxygen and Hydrocarbon Levels
2,1.02,89.05,source/course/Les 3/20260605_de vuyst_BB_Regression.pdf,2,Table 11-1 Oxygen and Hydrocarbon Levels
3,1.15,91.43,source/course/Les 3/20260605_de vuyst_BB_Regression.pdf,2,Table 11-1 Oxygen and Hydrocarbon Levels
4,1.29,93.74,source/course/Les 3/20260605_de vuyst_BB_Regression.pdf,2,Table 11-1 Oxygen and Hydrocarbon Levels
5,1.46,96.73,source/course/Les 3/20260605_de vuyst_BB_Regression.pdf,2,Table 11-1 Oxygen and Hydrocarbon Levels
6,1.36,94.45,source/course/Les 3/20260605_de vuyst_BB_Regression.pdf,2,Table 11-1 Oxygen and Hydrocarbon Levels
7,0.87,87.59,source/course/Les 3/20260605_de vuyst_BB_Regression.pdf,2,Table 11-1 Oxygen and Hydrocarbon Levels
8,1.23,91.77,source/course/Les 3/20260605_de vuyst_BB_Regression.pdf,2,Table 11-1 Oxygen and Hydrocarbon Levels
9,1.55,99.42,source/course/Les 3/20260605_de vuyst_BB_Regression.pdf,2,Table 11-1 Oxygen and Hydrocarbon Levels
10,1.40,93.65,source/course/Les 3/20260605_de vuyst_BB_Regression.pdf,2,Table 11-1 Oxygen and Hydrocarbon Levels
11,1.19,93.54,source/course/Les 3/20260605_de vuyst_BB_Regression.pdf,2,Table 11-1 Oxygen and Hydrocarbon Levels
12,1.15,92.52,source/course/Les 3/20260605_de vuyst_BB_Regression.pdf,2,Table 11-1 Oxygen and Hydrocarbon Levels
13,0.98,90.56,source/course/Les 3/20260605_de vuyst_BB_Regression.pdf,2,Table 11-1 Oxygen and Hydrocarbon Levels
14,1.01,89.54,source/course/Les 3/20260605_de vuyst_BB_Regression.pdf,2,Table 11-1 Oxygen and Hydrocarbon Levels
15,1.11,89.85,source/course/Les 3/20260605_de vuyst_BB_Regression.pdf,2,Table 11-1 Oxygen and Hydrocarbon Levels
16,1.20,90.39,source/course/Les 3/20260605_de vuyst_BB_Regression.pdf,2,Table 11-1 Oxygen and Hydrocarbon Levels
17,1.26,93.25,source/course/Les 3/20260605_de vuyst_BB_Regression.pdf,2,Table 11-1 Oxygen and Hydrocarbon Levels
18,1.32,93.41,source/course/Les 3/20260605_de vuyst_BB_Regression.pdf,2,Table 11-1 Oxygen and Hydrocarbon Levels
19,1.43,94.98,source/course/Les 3/20260605_de vuyst_BB_Regression.pdf,2,Table 11-1 Oxygen and Hydrocarbon Levels
20,0.95,87.33,source/course/Les 3/20260605_de vuyst_BB_Regression.pdf,2,Table 11-1 Oxygen and Hydrocarbon Levels
