Quantity controlled,Central line,Lower control limit (LCL),Upper control limit (UCL),Sample size,Remarks,source_file,source_page,table_name
Mean xbar,xbarbar,xbarbar - A2.Rbar,xbarbar + A2.Rbar,"Small, preferably 10 or fewer",Uses range R. No standard mu and sigma given.,source/course/Les 4/___4.1 tabellen SPC.pdf,2,Table 7.2 - Guide for Constructing Control Charts Based on Variables
Sum S,Sbar,Sbar - A0.Rbar,Sbar + A0.Rbar,"Small, preferably 10 or fewer",No standard mu and sigma given.,source/course/Les 4/___4.1 tabellen SPC.pdf,2,Table 7.2 - Guide for Constructing Control Charts Based on Variables
Mean xbar,xbarbar,xbarbar - sbar.A1.sqrt((n-1)/n),xbarbar + sbar.A1.sqrt((n-1)/n),"25 or fewer, constant size",No standard mu and sigma given.,source/course/Les 4/___4.1 tabellen SPC.pdf,2,Table 7.2 - Guide for Constructing Control Charts Based on Variables
Mean xbar,xbarbar,xbarbar - 3.sbar/sqrt(n),xbarbar + 3.sbar/sqrt(n),"Sample sizes >= 25, may vary slightly",No standard mu and sigma given.,source/course/Les 4/___4.1 tabellen SPC.pdf,2,Table 7.2 - Guide for Constructing Control Charts Based on Variables
Mean xbar,mu,mu - A.sigma,mu + A.sigma,n,mu and sigma specified (standard values are to be maintained).,source/course/Les 4/___4.1 tabellen SPC.pdf,2,Table 7.2 - Guide for Constructing Control Charts Based on Variables
Range R,Rbar,D3.Rbar,D4.Rbar,"Small, preferably 10 or fewer",No standard sigma given.,source/course/Les 4/___4.1 tabellen SPC.pdf,2,Table 7.2 - Guide for Constructing Control Charts Based on Variables
Range R,d2.sigma,D1.sigma,D2.sigma,"Small, preferably 10 or fewer",sigma specified (standard value to be maintained).,source/course/Les 4/___4.1 tabellen SPC.pdf,2,Table 7.2 - Guide for Constructing Control Charts Based on Variables
Sample standard deviation s,sbar,B3.sbar,B4.sbar,"25 or fewer, constant size",No standard sigma given.,source/course/Les 4/___4.1 tabellen SPC.pdf,2,Table 7.2 - Guide for Constructing Control Charts Based on Variables
Sample standard deviation s,sbar,sbar - 3.sbar/sqrt(2n),sbar + 3.sbar/sqrt(2n),"Sample sizes >= 25, may vary slightly",No standard sigma given.,source/course/Les 4/___4.1 tabellen SPC.pdf,2,Table 7.2 - Guide for Constructing Control Charts Based on Variables
Sample standard deviation s,sigma.c2.sqrt(n/(n-1)),sigma.B1.sqrt(n/(n-1)),sigma.B2.sqrt(n/(n-1)),n,sigma specified (standard value to be maintained).,source/course/Les 4/___4.1 tabellen SPC.pdf,2,Table 7.2 - Guide for Constructing Control Charts Based on Variables
