Sample size n,A,A0,A1,A2,c2,1/c2,B1,B2,B3,B4,d2,1/d2,D1,D2,D3,D4,source_file,source_page,table_name
2,2.121,3.760,3.760,1.880,0.5642,1.7725,0,1.843,0,3.267,1.128,0.8865,0,3.686,0,3.267,source/course/Les 4/___4.1 tabellen SPC.pdf,2,Table 18 - Factors for Computing Control-Chart Lines
3,1.732,3.070,2.394,1.023,0.7236,1.3820,0,1.858,0,2.568,1.693,0.5907,0,4.358,0,2.575,source/course/Les 4/___4.1 tabellen SPC.pdf,2,Table 18 - Factors for Computing Control-Chart Lines
4,1.500,2.914,1.880,0.729,0.7979,1.2533,0,1.808,0,2.266,2.059,0.4857,0,4.698,0,2.282,source/course/Les 4/___4.1 tabellen SPC.pdf,2,Table 18 - Factors for Computing Control-Chart Lines
5,1.342,2.884,1.596,0.577,0.8407,1.1894,0,1.756,0,2.089,2.326,0.4299,0,4.918,0,2.115,source/course/Les 4/___4.1 tabellen SPC.pdf,2,Table 18 - Factors for Computing Control-Chart Lines
6,1.225,2.899,1.410,0.483,0.8686,1.1512,0.026,1.711,0.030,1.970,2.534,0.3946,0,5.078,0,2.004,source/course/Les 4/___4.1 tabellen SPC.pdf,2,Table 18 - Factors for Computing Control-Chart Lines
7,1.134,2.935,1.277,0.419,0.8882,1.1259,0.105,1.672,0.118,1.882,2.704,0.3698,0.205,5.203,0.076,1.924,source/course/Les 4/___4.1 tabellen SPC.pdf,2,Table 18 - Factors for Computing Control-Chart Lines
8,1.061,2.980,1.175,0.373,0.9027,1.1078,0.167,1.638,0.185,1.815,2.847,0.3512,0.387,5.307,0.136,1.864,source/course/Les 4/___4.1 tabellen SPC.pdf,2,Table 18 - Factors for Computing Control-Chart Lines
9,1.000,3.030,1.094,0.337,0.9139,1.0942,0.219,1.609,0.239,1.761,2.970,0.3367,0.546,5.394,0.184,1.816,source/course/Les 4/___4.1 tabellen SPC.pdf,2,Table 18 - Factors for Computing Control-Chart Lines
10,0.949,3.085,1.028,0.308,0.9227,1.0837,0.262,1.584,0.284,1.716,3.078,0.3249,0.687,5.469,0.223,1.777,source/course/Les 4/___4.1 tabellen SPC.pdf,2,Table 18 - Factors for Computing Control-Chart Lines
11,0.905,3.136,0.973,0.285,0.9300,1.0753,0.299,1.561,0.321,1.679,3.173,0.3152,0.812,5.534,0.256,1.744,source/course/Les 4/___4.1 tabellen SPC.pdf,2,Table 18 - Factors for Computing Control-Chart Lines
12,0.866,3.189,0.925,0.266,0.9359,1.0684,0.331,1.541,0.354,1.646,3.258,0.3069,0.924,5.592,0.284,1.716,source/course/Les 4/___4.1 tabellen SPC.pdf,2,Table 18 - Factors for Computing Control-Chart Lines
13,0.832,3.242,0.884,0.249,0.9410,1.0627,0.359,1.523,0.382,1.618,3.336,0.2998,1.026,5.646,0.308,1.692,source/course/Les 4/___4.1 tabellen SPC.pdf,2,Table 18 - Factors for Computing Control-Chart Lines
14,0.802,3.295,0.848,0.235,0.9453,1.0579,0.384,1.507,0.406,1.594,3.407,0.2935,1.121,5.693,0.329,1.671,source/course/Les 4/___4.1 tabellen SPC.pdf,2,Table 18 - Factors for Computing Control-Chart Lines
15,0.775,3.347,0.816,0.223,0.9490,1.0537,0.406,1.492,0.428,1.572,3.472,0.2880,1.207,5.737,0.348,1.652,source/course/Les 4/___4.1 tabellen SPC.pdf,2,Table 18 - Factors for Computing Control-Chart Lines
16,0.750,3.398,0.788,0.212,0.9523,1.0501,0.427,1.478,0.448,1.552,3.532,0.2831,1.285,5.779,0.364,1.636,source/course/Les 4/___4.1 tabellen SPC.pdf,2,Table 18 - Factors for Computing Control-Chart Lines
17,0.728,3.448,0.762,0.203,0.9551,1.0470,0.445,1.465,0.466,1.534,3.588,0.2787,1.359,5.817,0.379,1.621,source/course/Les 4/___4.1 tabellen SPC.pdf,2,Table 18 - Factors for Computing Control-Chart Lines
18,0.707,3.497,0.738,0.194,0.9576,1.0442,0.461,1.454,0.482,1.518,3.640,0.2747,1.426,5.854,0.392,1.608,source/course/Les 4/___4.1 tabellen SPC.pdf,2,Table 18 - Factors for Computing Control-Chart Lines
19,0.688,3.545,0.717,0.187,0.9599,1.0418,0.477,1.443,0.497,1.503,3.689,0.2711,1.490,5.888,0.404,1.596,source/course/Les 4/___4.1 tabellen SPC.pdf,2,Table 18 - Factors for Computing Control-Chart Lines
20,0.671,3.592,0.697,0.180,0.9619,1.0396,0.491,1.433,0.510,1.490,3.735,0.2677,1.548,5.922,0.414,1.586,source/course/Les 4/___4.1 tabellen SPC.pdf,2,Table 18 - Factors for Computing Control-Chart Lines
21,0.655,3.639,0.679,0.173,0.9638,1.0376,0.504,1.424,0.523,1.477,3.778,0.2647,1.606,5.950,0.425,1.575,source/course/Les 4/___4.1 tabellen SPC.pdf,2,Table 18 - Factors for Computing Control-Chart Lines
22,0.640,3.684,0.662,0.167,0.9655,1.0358,0.516,1.415,0.534,1.466,3.819,0.2618,1.659,5.979,0.434,1.566,source/course/Les 4/___4.1 tabellen SPC.pdf,2,Table 18 - Factors for Computing Control-Chart Lines
23,0.626,3.729,0.647,0.162,0.9670,1.0342,0.527,1.407,0.545,1.455,3.858,0.2592,1.710,6.006,0.443,1.557,source/course/Les 4/___4.1 tabellen SPC.pdf,2,Table 18 - Factors for Computing Control-Chart Lines
24,0.612,3.773,0.632,0.157,0.9684,1.0327,0.538,1.399,0.555,1.445,3.895,0.2567,1.759,6.031,0.452,1.548,source/course/Les 4/___4.1 tabellen SPC.pdf,2,Table 18 - Factors for Computing Control-Chart Lines
25,0.600,3.816,0.619,0.153,0.9696,1.0313,0.548,1.392,0.565,1.435,3.931,0.2544,1.804,6.058,0.459,1.541,source/course/Les 4/___4.1 tabellen SPC.pdf,2,Table 18 - Factors for Computing Control-Chart Lines
>25,3/sqrt(n),,3/sqrt(n),,1.0000,1.0000,**,***,**,***,,,,,,,source/course/Les 4/___4.1 tabellen SPC.pdf,2,Table 18 - Factors for Computing Control-Chart Lines
