Z,DPMO,source_file,source_page,table_name
0.0,"933,193",source/course/Les 4/Six Sigma For Dummies.pdf,160,Table 6-3: Sigma Score Table: Z <-> DPMO
0.5,"841,345",source/course/Les 4/Six Sigma For Dummies.pdf,160,Table 6-3: Sigma Score Table: Z <-> DPMO
1.0,"691,462",source/course/Les 4/Six Sigma For Dummies.pdf,160,Table 6-3: Sigma Score Table: Z <-> DPMO
1.5,"500,000",source/course/Les 4/Six Sigma For Dummies.pdf,160,Table 6-3: Sigma Score Table: Z <-> DPMO
2.0,"308,538",source/course/Les 4/Six Sigma For Dummies.pdf,160,Table 6-3: Sigma Score Table: Z <-> DPMO
2.5,"158,655",source/course/Les 4/Six Sigma For Dummies.pdf,160,Table 6-3: Sigma Score Table: Z <-> DPMO
3.0,"66,807",source/course/Les 4/Six Sigma For Dummies.pdf,160,Table 6-3: Sigma Score Table: Z <-> DPMO
3.5,"22,750",source/course/Les 4/Six Sigma For Dummies.pdf,160,Table 6-3: Sigma Score Table: Z <-> DPMO
4.0,"6,210",source/course/Les 4/Six Sigma For Dummies.pdf,160,Table 6-3: Sigma Score Table: Z <-> DPMO
4.5,"1,350",source/course/Les 4/Six Sigma For Dummies.pdf,160,Table 6-3: Sigma Score Table: Z <-> DPMO
5.0,233,source/course/Les 4/Six Sigma For Dummies.pdf,160,Table 6-3: Sigma Score Table: Z <-> DPMO
5.5,32,source/course/Les 4/Six Sigma For Dummies.pdf,160,Table 6-3: Sigma Score Table: Z <-> DPMO
6.0,3.4,source/course/Les 4/Six Sigma For Dummies.pdf,160,Table 6-3: Sigma Score Table: Z <-> DPMO
