Sample Size (n),A2,A3,B3,B4,D3,D4,E2,source_file,source_page,table_name
2,1.880,2.659,0,3.267,0,3.267,2.659,source/course/Les 4/Six Sigma For Dummies.pdf,250,"Table 10-2: Continuous Data Control Chart constants (A2, A3, B3, B4, D3, D4, E2)"
3,1.023,1.954,0,2.568,0,2.574,1.772,source/course/Les 4/Six Sigma For Dummies.pdf,250,"Table 10-2: Continuous Data Control Chart constants (A2, A3, B3, B4, D3, D4, E2)"
4,0.729,1.628,0,2.266,0,2.282,1.457,source/course/Les 4/Six Sigma For Dummies.pdf,250,"Table 10-2: Continuous Data Control Chart constants (A2, A3, B3, B4, D3, D4, E2)"
5,0.577,1.427,0,2.089,0,2.114,1.290,source/course/Les 4/Six Sigma For Dummies.pdf,250,"Table 10-2: Continuous Data Control Chart constants (A2, A3, B3, B4, D3, D4, E2)"
6,0.483,1.287,0.030,1.970,0,2.004,1.184,source/course/Les 4/Six Sigma For Dummies.pdf,250,"Table 10-2: Continuous Data Control Chart constants (A2, A3, B3, B4, D3, D4, E2)"
7,0.419,1.182,0.118,1.882,0.076,1.924,1.109,source/course/Les 4/Six Sigma For Dummies.pdf,250,"Table 10-2: Continuous Data Control Chart constants (A2, A3, B3, B4, D3, D4, E2)"
8,0.373,1.099,0.185,1.815,0.136,1.864,1.054,source/course/Les 4/Six Sigma For Dummies.pdf,250,"Table 10-2: Continuous Data Control Chart constants (A2, A3, B3, B4, D3, D4, E2)"
9,0.337,1.032,0.239,1.761,0.184,1.816,1.010,source/course/Les 4/Six Sigma For Dummies.pdf,250,"Table 10-2: Continuous Data Control Chart constants (A2, A3, B3, B4, D3, D4, E2)"
10,0.308,0.975,0.284,1.716,0.223,1.777,0.975,source/course/Les 4/Six Sigma For Dummies.pdf,250,"Table 10-2: Continuous Data Control Chart constants (A2, A3, B3, B4, D3, D4, E2)"
