Plot or Chart,Description,source_file,source_page,table_name
Histogram,"A bar chart that plots the spread of data into bins according to frequency of occurrence, immediately suggesting the distribution function.",source/course/Les 4/Six Sigma For Dummies.pdf,287,Table 11-7: Plots and Charts
Dot plot,A type of histogram where data are displayed in a single-point format; used to assess a distribution or compare distributions.,source/course/Les 4/Six Sigma For Dummies.pdf,287,Table 11-7: Plots and Charts
Pareto chart,"A bar chart in which the bars are ordered from highest to lowest, showing the critical contributors.",source/course/Les 4/Six Sigma For Dummies.pdf,287,Table 11-7: Plots and Charts
Scatter plot,"Shows the relationship between two variables, immediately conveying the nature of correlation.",source/course/Les 4/Six Sigma For Dummies.pdf,287,Table 11-7: Plots and Charts
Matrix plot,"A matrix of scatter-plots, showing the relationships between many pairs of variables at the same time.",source/course/Les 4/Six Sigma For Dummies.pdf,287,Table 11-7: Plots and Charts
3D scatter plot,"A three-dimensional scatter plot, useful for evaluating the relationships between three different variables at the same time.",source/course/Les 4/Six Sigma For Dummies.pdf,287,Table 11-7: Plots and Charts
Interval plot,A two-dimensional plot of data values with added confidence intervals or error bars; useful for showing both the central tendency and the variability.,source/course/Les 4/Six Sigma For Dummies.pdf,287,Table 11-7: Plots and Charts
Box plot,"A side-by-side comparison of sample distributions. By convention, the central line is the mean, the boxes are +/-25%, and the lines are the limits.",source/course/Les 4/Six Sigma For Dummies.pdf,287,Table 11-7: Plots and Charts
CDF (cumulative distribution function) plot,"A stepped cumulative histogram (without bars), overlaid with a best-fit normal cumulative distribution function. Used to fit a distribution to your data.",source/course/Les 4/Six Sigma For Dummies.pdf,287,Table 11-7: Plots and Charts
Probability plot,"A scatter plot, overlaid with a CDF cumulative probability line. Used to determine how closely a particular distribution fits your data.",source/course/Les 4/Six Sigma For Dummies.pdf,287,Table 11-7: Plots and Charts
Time series plot,"A plot of data spread over time. Used to evaluate patterns in activity across time. By convention, time is plotted on the x-axis.",source/course/Les 4/Six Sigma For Dummies.pdf,287,Table 11-7: Plots and Charts
Marginal plot,"A scatter plot with an added histogram (or sometimes a box plot), used to assess the relationship between two variables and their distributions.",source/course/Les 4/Six Sigma For Dummies.pdf,287,Table 11-7: Plots and Charts
