Process Tool,Role,source_file,source_page,table_name
The SIPOC,Suppliers-Inputs-Process-Outputs-Customers. Create a high-level process map with a few key details about each of the key contributing elements.,source/course/Les 4/Six Sigma For Dummies.pdf,263,Table 11-1: Process Optimization Tools
CT (critical to) tree,"Critical to . . . tree. Identify, organize, and display parts of the process according to areas of critical importance.",source/course/Les 4/Six Sigma For Dummies.pdf,263,Table 11-1: Process Optimization Tools
Modeling,"Define and design processes, including the flow of work or material, the timing of activities, resources consumed, and points of decision, inspection, and delivery.",source/course/Les 4/Six Sigma For Dummies.pdf,263,Table 11-1: Process Optimization Tools
Simulation,"Simulate the flow of work and material through a process based on the model, and analyze the results of the simulation for overall effectiveness and efficiency. Find defects, errors, bottlenecks, variation, and non value-added elements.",source/course/Les 4/Six Sigma For Dummies.pdf,263,Table 11-1: Process Optimization Tools
C&E (cause-and-effect) matrix,"For the outcomes of any process, define all the contributors, weight their effects, and determine the significant contributors to the outputs.",source/course/Les 4/Six Sigma For Dummies.pdf,263,Table 11-1: Process Optimization Tools
Fishbone diagram,"Create a high-level C&E in the form of a tree structure, with categories for each major type of contributor. A method for capturing potential causes and inputs to a process.",source/course/Les 4/Six Sigma For Dummies.pdf,263,Table 11-1: Process Optimization Tools
FMEA (failure mode effects analysis),"For any activity or item, define the potential failure modes, including the likelihood of occurrence, and the ability to detect and characterize the effects of those failures.",source/course/Les 4/Six Sigma For Dummies.pdf,263,Table 11-1: Process Optimization Tools
Capability and complexity analysis,"Analyze the tradeoffs between product complexity and process capability, and define the proper configuration of each to achieve desired outcomes.",source/course/Les 4/Six Sigma For Dummies.pdf,263,Table 11-1: Process Optimization Tools
Plans,Use the outputs of simulation and analysis to define how data will be collected and how the processes will be controlled and audited.,source/course/Les 4/Six Sigma For Dummies.pdf,263,Table 11-1: Process Optimization Tools
