individu-index,RS1 individu,LD1,RS2 individu,LD2,source_file,source_page,table_name
1,83,29,29,42,source/course/Les 2/20260529_ottoy_Confidence Intervals - Further Reading (Dutch).pdf,17,"Niet-paarsgewijze schoenzool-experiment: ruwe data (RS1 en RS2, n=10 elk)"
2,32,30,48,29,source/course/Les 2/20260529_ottoy_Confidence Intervals - Further Reading (Dutch).pdf,17,"Niet-paarsgewijze schoenzool-experiment: ruwe data (RS1 en RS2, n=10 elk)"
3,95,34,53,36,source/course/Les 2/20260529_ottoy_Confidence Intervals - Further Reading (Dutch).pdf,17,"Niet-paarsgewijze schoenzool-experiment: ruwe data (RS1 en RS2, n=10 elk)"
4,64,32,35,52,source/course/Les 2/20260529_ottoy_Confidence Intervals - Further Reading (Dutch).pdf,17,"Niet-paarsgewijze schoenzool-experiment: ruwe data (RS1 en RS2, n=10 elk)"
5,47,32,82,28,source/course/Les 2/20260529_ottoy_Confidence Intervals - Further Reading (Dutch).pdf,17,"Niet-paarsgewijze schoenzool-experiment: ruwe data (RS1 en RS2, n=10 elk)"
6,71,25,2,32,source/course/Les 2/20260529_ottoy_Confidence Intervals - Further Reading (Dutch).pdf,17,"Niet-paarsgewijze schoenzool-experiment: ruwe data (RS1 en RS2, n=10 elk)"
7,38,25,71,30,source/course/Les 2/20260529_ottoy_Confidence Intervals - Further Reading (Dutch).pdf,17,"Niet-paarsgewijze schoenzool-experiment: ruwe data (RS1 en RS2, n=10 elk)"
8,90,27,34,33,source/course/Les 2/20260529_ottoy_Confidence Intervals - Further Reading (Dutch).pdf,17,"Niet-paarsgewijze schoenzool-experiment: ruwe data (RS1 en RS2, n=10 elk)"
9,96,36,83,28,source/course/Les 2/20260529_ottoy_Confidence Intervals - Further Reading (Dutch).pdf,17,"Niet-paarsgewijze schoenzool-experiment: ruwe data (RS1 en RS2, n=10 elk)"
10,56,17,57,33,source/course/Les 2/20260529_ottoy_Confidence Intervals - Further Reading (Dutch).pdf,17,"Niet-paarsgewijze schoenzool-experiment: ruwe data (RS1 en RS2, n=10 elk)"
