Item,Step 1,Step 2,Step 3,source_file,source_page,table_name
Constant,86.33,86.14,89.81,source/course/Les 3/20260605_de vuyst_BB_Regression.pdf,64,Table 6-11 Stepwise Regression Backward Elimination for Shampoo Data (Alpha-to-Remove: 0.1)
Foam,1.82,1.87,1.82,source/course/Les 3/20260605_de vuyst_BB_Regression.pdf,64,Table 6-11 Stepwise Regression Backward Elimination for Shampoo Data (Alpha-to-Remove: 0.1)
Foam T-Value,5.07,5.86,5.58,source/course/Les 3/20260605_de vuyst_BB_Regression.pdf,64,Table 6-11 Stepwise Regression Backward Elimination for Shampoo Data (Alpha-to-Remove: 0.1)
Foam P-Value,0.000,0.000,0.000,source/course/Les 3/20260605_de vuyst_BB_Regression.pdf,64,Table 6-11 Stepwise Regression Backward Elimination for Shampoo Data (Alpha-to-Remove: 0.1)
Scent,1.03,1.18,,source/course/Les 3/20260605_de vuyst_BB_Regression.pdf,64,Table 6-11 Stepwise Regression Backward Elimination for Shampoo Data (Alpha-to-Remove: 0.1)
Scent T-Value,1.12,1.48,,source/course/Les 3/20260605_de vuyst_BB_Regression.pdf,64,Table 6-11 Stepwise Regression Backward Elimination for Shampoo Data (Alpha-to-Remove: 0.1)
Scent P-Value,0.277,0.155,,source/course/Les 3/20260605_de vuyst_BB_Regression.pdf,64,Table 6-11 Stepwise Regression Backward Elimination for Shampoo Data (Alpha-to-Remove: 0.1)
Color,0.23,,,source/course/Les 3/20260605_de vuyst_BB_Regression.pdf,64,Table 6-11 Stepwise Regression Backward Elimination for Shampoo Data (Alpha-to-Remove: 0.1)
Color T-Value,0.33,,,source/course/Les 3/20260605_de vuyst_BB_Regression.pdf,64,Table 6-11 Stepwise Regression Backward Elimination for Shampoo Data (Alpha-to-Remove: 0.1)
Color P-Value,0.746,,,source/course/Les 3/20260605_de vuyst_BB_Regression.pdf,64,Table 6-11 Stepwise Regression Backward Elimination for Shampoo Data (Alpha-to-Remove: 0.1)
Residue,-4.00,-3.93,-3.38,source/course/Les 3/20260605_de vuyst_BB_Regression.pdf,64,Table 6-11 Stepwise Regression Backward Elimination for Shampoo Data (Alpha-to-Remove: 0.1)
Residue T-Value,-4.93,-5.15,-4.93,source/course/Les 3/20260605_de vuyst_BB_Regression.pdf,64,Table 6-11 Stepwise Regression Backward Elimination for Shampoo Data (Alpha-to-Remove: 0.1)
Residue P-Value,0.000,0.000,0.000,source/course/Les 3/20260605_de vuyst_BB_Regression.pdf,64,Table 6-11 Stepwise Regression Backward Elimination for Shampoo Data (Alpha-to-Remove: 0.1)
Region,-3.86,-3.71,-3.41,source/course/Les 3/20260605_de vuyst_BB_Regression.pdf,64,Table 6-11 Stepwise Regression Backward Elimination for Shampoo Data (Alpha-to-Remove: 0.1)
Region T-Value,-3.70,-4.05,-3.70,source/course/Les 3/20260605_de vuyst_BB_Regression.pdf,64,Table 6-11 Stepwise Regression Backward Elimination for Shampoo Data (Alpha-to-Remove: 0.1)
Region P-Value,0.002,0.001,0.001,source/course/Les 3/20260605_de vuyst_BB_Regression.pdf,64,Table 6-11 Stepwise Regression Backward Elimination for Shampoo Data (Alpha-to-Remove: 0.1)
S,2.21,2.15,2.22,source/course/Les 3/20260605_de vuyst_BB_Regression.pdf,64,Table 6-11 Stepwise Regression Backward Elimination for Shampoo Data (Alpha-to-Remove: 0.1)
R-Sq,80.01,79.89,77.57,source/course/Les 3/20260605_de vuyst_BB_Regression.pdf,64,Table 6-11 Stepwise Regression Backward Elimination for Shampoo Data (Alpha-to-Remove: 0.1)
R-Sq(adj),74.45,75.65,74.20,source/course/Les 3/20260605_de vuyst_BB_Regression.pdf,64,Table 6-11 Stepwise Regression Backward Elimination for Shampoo Data (Alpha-to-Remove: 0.1)
Mallows C-p,6.0,4.1,4.2,source/course/Les 3/20260605_de vuyst_BB_Regression.pdf,64,Table 6-11 Stepwise Regression Backward Elimination for Shampoo Data (Alpha-to-Remove: 0.1)
