Oil (Gal),Temp,Insulation,source_file,source_page,table_name
275.30,40,3,source/course/Les 3/20260605_de vuyst_BB_Regression.pdf,51,Oil consumption example: data for 15 houses
363.80,27,3,source/course/Les 3/20260605_de vuyst_BB_Regression.pdf,51,Oil consumption example: data for 15 houses
164.30,40,10,source/course/Les 3/20260605_de vuyst_BB_Regression.pdf,51,Oil consumption example: data for 15 houses
40.80,73,6,source/course/Les 3/20260605_de vuyst_BB_Regression.pdf,51,Oil consumption example: data for 15 houses
94.30,64,6,source/course/Les 3/20260605_de vuyst_BB_Regression.pdf,51,Oil consumption example: data for 15 houses
230.90,34,6,source/course/Les 3/20260605_de vuyst_BB_Regression.pdf,51,Oil consumption example: data for 15 houses
366.70,9,6,source/course/Les 3/20260605_de vuyst_BB_Regression.pdf,51,Oil consumption example: data for 15 houses
300.60,8,10,source/course/Les 3/20260605_de vuyst_BB_Regression.pdf,51,Oil consumption example: data for 15 houses
237.80,23,10,source/course/Les 3/20260605_de vuyst_BB_Regression.pdf,51,Oil consumption example: data for 15 houses
121.40,63,3,source/course/Les 3/20260605_de vuyst_BB_Regression.pdf,51,Oil consumption example: data for 15 houses
31.40,65,10,source/course/Les 3/20260605_de vuyst_BB_Regression.pdf,51,Oil consumption example: data for 15 houses
203.50,41,6,source/course/Les 3/20260605_de vuyst_BB_Regression.pdf,51,Oil consumption example: data for 15 houses
441.10,21,3,source/course/Les 3/20260605_de vuyst_BB_Regression.pdf,51,Oil consumption example: data for 15 houses
323.00,38,3,source/course/Les 3/20260605_de vuyst_BB_Regression.pdf,51,Oil consumption example: data for 15 houses
52.50,58,10,source/course/Les 3/20260605_de vuyst_BB_Regression.pdf,51,Oil consumption example: data for 15 houses
