Item,Value,source_file,source_page,table_name
S,1.066,source/course/Les 3/20260605_de vuyst_BB_Regression.pdf,62,Acetylene example: model summary and ANOVA (second-order polynomial)
R-Sq,99.5%,source/course/Les 3/20260605_de vuyst_BB_Regression.pdf,62,Acetylene example: model summary and ANOVA (second-order polynomial)
R-Sq(adj),99.2%,source/course/Les 3/20260605_de vuyst_BB_Regression.pdf,62,Acetylene example: model summary and ANOVA (second-order polynomial)
Regression DF,5,source/course/Les 3/20260605_de vuyst_BB_Regression.pdf,62,Acetylene example: model summary and ANOVA (second-order polynomial)
Regression SS,2112.34,source/course/Les 3/20260605_de vuyst_BB_Regression.pdf,62,Acetylene example: model summary and ANOVA (second-order polynomial)
Regression MS,422.47,source/course/Les 3/20260605_de vuyst_BB_Regression.pdf,62,Acetylene example: model summary and ANOVA (second-order polynomial)
Regression F,371.49,source/course/Les 3/20260605_de vuyst_BB_Regression.pdf,62,Acetylene example: model summary and ANOVA (second-order polynomial)
Regression P,0.000,source/course/Les 3/20260605_de vuyst_BB_Regression.pdf,62,Acetylene example: model summary and ANOVA (second-order polynomial)
Residual Error DF,10,source/course/Les 3/20260605_de vuyst_BB_Regression.pdf,62,Acetylene example: model summary and ANOVA (second-order polynomial)
Residual Error SS,11.37,source/course/Les 3/20260605_de vuyst_BB_Regression.pdf,62,Acetylene example: model summary and ANOVA (second-order polynomial)
Residual Error MS,1.14,source/course/Les 3/20260605_de vuyst_BB_Regression.pdf,62,Acetylene example: model summary and ANOVA (second-order polynomial)
Total DF,15,source/course/Les 3/20260605_de vuyst_BB_Regression.pdf,62,Acetylene example: model summary and ANOVA (second-order polynomial)
Total SS,2123.71,source/course/Les 3/20260605_de vuyst_BB_Regression.pdf,62,Acetylene example: model summary and ANOVA (second-order polynomial)
