Effect,Estimate,source_file,source_page,table_name
A,-101.625,source/course/Les 3/20260605_de vuyst_BB_DOE.pdf,75,"Etch rate example: estimated effects (2^4, single replicate)"
B,-1.625,source/course/Les 3/20260605_de vuyst_BB_DOE.pdf,75,"Etch rate example: estimated effects (2^4, single replicate)"
C,7.375,source/course/Les 3/20260605_de vuyst_BB_DOE.pdf,75,"Etch rate example: estimated effects (2^4, single replicate)"
D,306.125,source/course/Les 3/20260605_de vuyst_BB_DOE.pdf,75,"Etch rate example: estimated effects (2^4, single replicate)"
AB,-7.875,source/course/Les 3/20260605_de vuyst_BB_DOE.pdf,75,"Etch rate example: estimated effects (2^4, single replicate)"
AC,-24.875,source/course/Les 3/20260605_de vuyst_BB_DOE.pdf,75,"Etch rate example: estimated effects (2^4, single replicate)"
AD,-153.625,source/course/Les 3/20260605_de vuyst_BB_DOE.pdf,75,"Etch rate example: estimated effects (2^4, single replicate)"
BC,-43.875,source/course/Les 3/20260605_de vuyst_BB_DOE.pdf,75,"Etch rate example: estimated effects (2^4, single replicate)"
BD,-0.625,source/course/Les 3/20260605_de vuyst_BB_DOE.pdf,75,"Etch rate example: estimated effects (2^4, single replicate)"
CD,-2.125,source/course/Les 3/20260605_de vuyst_BB_DOE.pdf,75,"Etch rate example: estimated effects (2^4, single replicate)"
ABC,-15.625,source/course/Les 3/20260605_de vuyst_BB_DOE.pdf,75,"Etch rate example: estimated effects (2^4, single replicate)"
ABD,4.125,source/course/Les 3/20260605_de vuyst_BB_DOE.pdf,75,"Etch rate example: estimated effects (2^4, single replicate)"
ACD,5.625,source/course/Les 3/20260605_de vuyst_BB_DOE.pdf,75,"Etch rate example: estimated effects (2^4, single replicate)"
BCD,-25.375,source/course/Les 3/20260605_de vuyst_BB_DOE.pdf,75,"Etch rate example: estimated effects (2^4, single replicate)"
ABCD,-40.125,source/course/Les 3/20260605_de vuyst_BB_DOE.pdf,75,"Etch rate example: estimated effects (2^4, single replicate)"
