Subgroup Size,d2,c2,c4,d3,source_file,source_page,table_name
2,1.128,0.5642,.7979,0.8525,source/course/Les 4/___4.1 tabellen SPC.pdf,1,Table A - Bias Correction Factors For Estimating Standard Deviations
3,1.693,0.7236,.8862,0.8884,source/course/Les 4/___4.1 tabellen SPC.pdf,1,Table A - Bias Correction Factors For Estimating Standard Deviations
4,2.059,0.7979,.9213,0.8798,source/course/Les 4/___4.1 tabellen SPC.pdf,1,Table A - Bias Correction Factors For Estimating Standard Deviations
5,2.326,0.8407,.9400,0.8641,source/course/Les 4/___4.1 tabellen SPC.pdf,1,Table A - Bias Correction Factors For Estimating Standard Deviations
6,2.534,0.8686,.9515,0.8480,source/course/Les 4/___4.1 tabellen SPC.pdf,1,Table A - Bias Correction Factors For Estimating Standard Deviations
7,2.704,0.8882,.9594,0.8332,source/course/Les 4/___4.1 tabellen SPC.pdf,1,Table A - Bias Correction Factors For Estimating Standard Deviations
8,2.847,0.9027,.9650,0.8198,source/course/Les 4/___4.1 tabellen SPC.pdf,1,Table A - Bias Correction Factors For Estimating Standard Deviations
9,2.970,0.9139,.9693,0.8078,source/course/Les 4/___4.1 tabellen SPC.pdf,1,Table A - Bias Correction Factors For Estimating Standard Deviations
10,3.078,0.9227,.9727,0.7971,source/course/Les 4/___4.1 tabellen SPC.pdf,1,Table A - Bias Correction Factors For Estimating Standard Deviations
11,3.173,0.9300,.9754,0.7873,source/course/Les 4/___4.1 tabellen SPC.pdf,1,Table A - Bias Correction Factors For Estimating Standard Deviations
12,3.258,0.9359,.9776,0.7785,source/course/Les 4/___4.1 tabellen SPC.pdf,1,Table A - Bias Correction Factors For Estimating Standard Deviations
13,3.336,0.9410,.9794,0.7704,source/course/Les 4/___4.1 tabellen SPC.pdf,1,Table A - Bias Correction Factors For Estimating Standard Deviations
14,3.407,0.9453,.9810,0.7630,source/course/Les 4/___4.1 tabellen SPC.pdf,1,Table A - Bias Correction Factors For Estimating Standard Deviations
15,3.472,0.9490,.9823,0.7562,source/course/Les 4/___4.1 tabellen SPC.pdf,1,Table A - Bias Correction Factors For Estimating Standard Deviations
16,3.532,0.9523,.9835,0.7499,source/course/Les 4/___4.1 tabellen SPC.pdf,1,Table A - Bias Correction Factors For Estimating Standard Deviations
17,3.588,0.9551,.9845,0.7441,source/course/Les 4/___4.1 tabellen SPC.pdf,1,Table A - Bias Correction Factors For Estimating Standard Deviations
18,3.640,0.9576,.9854,0.7386,source/course/Les 4/___4.1 tabellen SPC.pdf,1,Table A - Bias Correction Factors For Estimating Standard Deviations
19,3.689,0.9599,.9862,0.7335,source/course/Les 4/___4.1 tabellen SPC.pdf,1,Table A - Bias Correction Factors For Estimating Standard Deviations
20,3.735,0.9619,.9869,0.7287,source/course/Les 4/___4.1 tabellen SPC.pdf,1,Table A - Bias Correction Factors For Estimating Standard Deviations
21,3.778,0.9638,.9876,0.7272,source/course/Les 4/___4.1 tabellen SPC.pdf,1,Table A - Bias Correction Factors For Estimating Standard Deviations
22,3.819,0.9655,.9882,0.7199,source/course/Les 4/___4.1 tabellen SPC.pdf,1,Table A - Bias Correction Factors For Estimating Standard Deviations
23,3.858,0.9670,.9887,0.7159,source/course/Les 4/___4.1 tabellen SPC.pdf,1,Table A - Bias Correction Factors For Estimating Standard Deviations
24,3.895,0.9684,.9892,0.7121,source/course/Les 4/___4.1 tabellen SPC.pdf,1,Table A - Bias Correction Factors For Estimating Standard Deviations
25,3.931,0.9695,.9896,0.7084,source/course/Les 4/___4.1 tabellen SPC.pdf,1,Table A - Bias Correction Factors For Estimating Standard Deviations
30,4.086,0.9748,.9915,0.6927,source/course/Les 4/___4.1 tabellen SPC.pdf,1,Table A - Bias Correction Factors For Estimating Standard Deviations
35,4.213,0.9784,.9927,0.6799,source/course/Les 4/___4.1 tabellen SPC.pdf,1,Table A - Bias Correction Factors For Estimating Standard Deviations
40,4.322,0.9811,.9936,0.6692,source/course/Les 4/___4.1 tabellen SPC.pdf,1,Table A - Bias Correction Factors For Estimating Standard Deviations
45,4.415,0.9832,.9943,0.6601,source/course/Les 4/___4.1 tabellen SPC.pdf,1,Table A - Bias Correction Factors For Estimating Standard Deviations
50,4.498,0.9849,.9949,0.6521,source/course/Les 4/___4.1 tabellen SPC.pdf,1,Table A - Bias Correction Factors For Estimating Standard Deviations
60,4.639,0.9874,.9957,0.6389,source/course/Les 4/___4.1 tabellen SPC.pdf,1,Table A - Bias Correction Factors For Estimating Standard Deviations
70,4.755,0.9892,.9963,0.6283,source/course/Les 4/___4.1 tabellen SPC.pdf,1,Table A - Bias Correction Factors For Estimating Standard Deviations
80,4.854,0.9906,.9968,0.6194,source/course/Les 4/___4.1 tabellen SPC.pdf,1,Table A - Bias Correction Factors For Estimating Standard Deviations
90,4.939,0.9916,.9972,0.6118,source/course/Les 4/___4.1 tabellen SPC.pdf,1,Table A - Bias Correction Factors For Estimating Standard Deviations
100,5.015,0.9925,.9975,0.6052,source/course/Les 4/___4.1 tabellen SPC.pdf,1,Table A - Bias Correction Factors For Estimating Standard Deviations
