99% Good (3.8 Sigma),99.99966% Good (Six Sigma),source_file,source_page,table_name
"20,000 lost articles of mail per hour",7 articles of lost mail per hour,source/course/Les 4/Six Sigma For Dummies.pdf,43,Table 1-3: How Good Is Good?
Unsafe drinking water for almost 15 minutes per day,One unsafe minute of drinking water every seven months,source/course/Les 4/Six Sigma For Dummies.pdf,43,Table 1-3: How Good Is Good?
"5,000 incorrect surgical operations per week",1.7 incorrect surgical operations per week,source/course/Les 4/Six Sigma For Dummies.pdf,43,Table 1-3: How Good Is Good?
2 short or long landings at major airports every day,1 short or long landing at major airports every five years,source/course/Les 4/Six Sigma For Dummies.pdf,43,Table 1-3: How Good Is Good?
"200,000 incorrect drug prescriptions each year",68 incorrect drug prescriptions each year,source/course/Les 4/Six Sigma For Dummies.pdf,43,Table 1-3: How Good Is Good?
No electricity for almost 7 hours each month,One hour without electricity every 34 years,source/course/Les 4/Six Sigma For Dummies.pdf,43,Table 1-3: How Good Is Good?
11.8 million shares incorrectly traded on the NYSE every day,"4,021 shares incorrectly traded on the NYSE every day",source/course/Les 4/Six Sigma For Dummies.pdf,43,Table 1-3: How Good Is Good?
3 warranty claims for every new automobile,1 warranty claim for every 980 new automobiles,source/course/Les 4/Six Sigma For Dummies.pdf,43,Table 1-3: How Good Is Good?
"48,000 to 96,000 deaths attributed to hospital errors each year",17 to 34 deaths attributed to hospital errors each year,source/course/Les 4/Six Sigma For Dummies.pdf,43,Table 1-3: How Good Is Good?
