wat	formule_html	bron	href
loss-functie (basisvorm)	\[\sym{l_d}{L_{D}}(\sym{fhat}{\hat{f}})=\left(\frac{1}{\sym{n_data}{N}}\right)\ \Sigma_{i=1\ldots\sym{n_data}{N}}\ \sym{ell}{\text{ℓ}}(\sym{y}{y_{i}},\sym{fhat}{\hat{f}}(\sym{x}{x_{i}}))\]	ML p. 10	../source/course/Les%202/20260529_naert.pdf#page=10
Mean Squared Error	\[\sym{l_mse}{L_{\mathrm{MSE}}}=\left(\frac{1}{\sym{n_data}{N}}\right)\ \Sigma\ (\sym{y}{y_{i}}-\sym{fhat}{\hat{f}}(\sym{x}{x_{i}}))^{2}\]	ML p. 12	../source/course/Les%202/20260529_naert.pdf#page=12
Mean Absolute Error	\[\sym{l_mae}{L_{\mathrm{MAE}}}=\left(\frac{1}{\sym{n_data}{N}}\right)\ \Sigma\ |\sym{y}{y_{i}}-\sym{fhat}{\hat{f}}(\sym{x}{x_{i}})|\]	ML p. 12	../source/course/Les%202/20260529_naert.pdf#page=12
cross-entropie (classificatie)	\[\sym{l_ce}{L_{\mathrm{CE}}}=-\left(\frac{1}{\sym{n_data}{N}}\right)\ \Sigma_{i}\ \Sigma_{k}\ \sym{y_ik}{y_{i,k}}\ \log\sym{phat_ik}{\hat{p}_{i,k}}\]	ML p. 13	../source/course/Les%202/20260529_naert.pdf#page=13
trainen = loss minimaliseren	\[\sym{theta_hat}{\hat{\theta}_{D}}=\] arg \[\min_{\sym{theta}{\theta}}\sym{l_d}{L_{D}}(\sym{fhat_theta}{\hat{f}_{\theta}})\]	ML p. 17	../source/course/Les%202/20260529_naert.pdf#page=17
bias-variance decompositie	\[E[(\sym{y}{y}-\sym{fhat}{\hat{f}}(\sym{x}{x}))^{2}]=\] Bias[\[\sym{fhat}{\hat{f}}(\sym{x}{x})\]]\[{}^{2}+\operatorname{Var}[\sym{fhat}{\hat{f}}(\sym{x}{x})]+\sym{sigma2_noise}{\sigma^{2}}\]	ML p. 26	../source/course/Les%202/20260529_naert.pdf#page=26
bias en variance (definities)	\[\sym{bias}{\mathrm{Bias}}=\sym{f_true}{f}(\sym{x}{x})-\sym{ftilde}{\tilde{f}}(\sym{x}{x})\]; \[\sym{variance}{\text{Variance}}=E[(\sym{ftilde}{\tilde{f}}(\sym{x}{x})-\sym{fhat}{\hat{f}}(\sym{x}{x};\sym{d_data}{D}))^{2}]\]; \[\sym{ftilde}{\tilde{f}}(\sym{x}{x})=E_{\sym{d_data}{D}}[\sym{fhat}{\hat{f}}(\sym{x}{x};\sym{d_data}{D})]\]	ML-notities p. 10–11	../source/course/Les%202/20261005_naert_web_lecture%202%20notes.pdf#page=10
accuracy	\[\frac{\sym{tp}{\mathrm{TP}}+\sym{tn}{\mathrm{TN}}}{\sym{tp}{\mathrm{TP}}+\sym{tn}{\mathrm{TN}}+\sym{fp}{\mathrm{FP}}+\sym{fn}{\mathrm{FN}}}\]	ML p. 31	../source/course/Les%202/20260529_naert.pdf#page=31
precision	\[\frac{\sym{tp}{\mathrm{TP}}}{\sym{tp}{\mathrm{TP}}+\sym{fp}{\mathrm{FP}}}\]	ML p. 31	../source/course/Les%202/20260529_naert.pdf#page=31
recall (sensitiviteit, TPR)	\[\frac{\sym{tp}{\mathrm{TP}}}{\sym{tp}{\mathrm{TP}}+\sym{fn}{\mathrm{FN}}}\]	ML p. 31	../source/course/Les%202/20260529_naert.pdf#page=31
F1-score	\[\frac{2\cdot\sym{precision}{P}\cdot\sym{recall}{R}}{\sym{precision}{P}+\sym{recall}{R}}\]	ML p. 31	../source/course/Les%202/20260529_naert.pdf#page=31
lineaire regressie (lineair in β)	\[\sym{y_hat}{\hat{y}}=\sym{beta_coef}{\beta_{0}}+\sym{beta_coef}{\beta_{1}}\sym{x_feat}{x_{1}}+\cdots+\sym{beta_coef}{\beta_{p}}\sym{x_feat}{x_{p}}\]	ML p. 34	../source/course/Les%202/20260529_naert.pdf#page=34
enkelvoudig neuron	\[\sym{y_nn}{y}=\sym{f_act}{f}(\sym{w}{w_{1}}\sym{x_feat}{x_{1}}+\cdots+\sym{w}{w_{n}}\sym{x_feat}{x_{n}}+\sym{b_bias}{b})\]	ML p. 37	../source/course/Les%202/20260529_naert.pdf#page=37
regel van Bayes	\[P(\sym{theta_bayes}{\theta}\mid\sym{data_obs}{\mathrm{data}})=\frac{P(\sym{data_obs}{\mathrm{data}}\mid\sym{theta_bayes}{\theta})\cdot P(\sym{theta_bayes}{\theta})}{P(\sym{data_obs}{\mathrm{data}})}\]	ML p. 53	../source/course/Les%202/20260529_naert.pdf#page=53
Beta-prior bijwerken (muntstuk)	<var data-s="prior">prior</var> Beta(\[\sym{alpha_prior}{\alpha}\], \[\sym{beta_prior}{\beta}\]), \[\sym{k_heads}{k}\] keer kop in \[\sym{n_tosses}{n}\] worpen → <var data-s="posterior">posterior</var> Beta(\[\sym{alpha_prior}{\alpha}+\sym{k_heads}{k}\], \[\sym{beta_prior}{\beta}+\sym{n_tosses}{n}-\sym{k_heads}{k}\]); \[\sym{mle}{\mathrm{MLE}}=\frac{\sym{k_heads}{k}}{\sym{n_tosses}{n}}\]	ML-webslides p. 55	../source/course/Les%202/20261005_naert_web_lecture%202%20slides.pdf#page=55
